﻿Timestamp,email,name,urn,CPI,branch,choice1,choice2,choice3
1,jamadarjahir1211@gmail.com,Jamadar Jahir Jafar,20112001,6,Mechanical Engineering,Engineering Tribology,Process Modeling and Simulation,Operations Research
2,neeraj.sapate40@gmail.com,Neeraj Nagesh Sapate,20112002,7.29,Mechanical Engineering,Process Modeling and Simulation,Engineering Tribology,Operations Research
3,pratappawar100.pp@gmail.com,Pawar Mahesh Pratap ,20112003,9.24,Mechanical Engineering,Process Modeling and Simulation,Engineering Tribology,Operations Research
4,yash04ruikar@gmail.com,Yash Uday Ruikar,20112004,8.6,Mechanical Engineering,Internet of Things,Operations Research,Electrical Wiring Harnessing
5,shantanuvelhal17@gmail.com,Shantanu Sharad Velhal,20112005,7.51,Mechanical Engineering,Internet of Things,Operations Research,Electrical Wiring Harnessing
6,mushrafpatel07@gmail.com,Patel Mushraf Liyakat,20112006,7.55,Mechanical Engineering,Internet of Things,Operations Research,Electrical Wiring Harnessing
7,vinayakdyadav@gmail.com,Yadav Vinayak Dattatray,20112007,7.21,Mechanical Engineering,Process Modeling and Simulation,Engineering Tribology,Operations Research
8,irshu203.krd@gmail.com,Mulla Irshad Rashid,20112008,8.74,Mechanical Engineering,Internet of Things,Operations Research,Electrical Wiring Harnessing
9,patilprajyotprashant@gmail.com,Patil Prajyot Prashant,20112009,7.3,Mechanical Engineering,Process Modeling and Simulation,Engineering Tribology,Operations Research
10,shekharmali2017@gmail.com,Mali Shekhar Nandkumar,20112010,7.27,Mechanical Engineering,Operations Research,Lighter Than Air Systems,Internet of Things
